City_ID,City,Lat,Lng,Max Temp,Humidity,Cloudiness,Wind Speed,Country,Date
0,Qaanaaq,77.484,-69.3632,17.01,72,22,4.83,GL,2022-04-26 16:37:16
1,Nalut,30.3333,10.85,87.04,11,11,20.36,LY,2022-04-26 16:37:16
2,Vaini,-21.2,-175.2,73.56,78,40,10.36,TO,2022-04-26 16:37:16
3,Butaritari,3.0707,172.7902,80.85,83,66,18.14,KI,2022-04-26 16:37:17
4,Ushuaia,-54.8,-68.3,40.66,75,75,3.44,AR,2022-04-26 16:37:17
5,Barcelos,41.5388,-8.6151,65.84,71,50,7.72,PT,2022-04-26 16:34:18
6,Arraial Do Cabo,-22.9661,-42.0278,84.16,69,20,14.97,BR,2022-04-26 16:37:17
7,Chuy,-33.6971,-53.4616,71.83,81,100,11.25,UY,2022-04-26 16:37:17
8,Mae Hong Son,19.3003,97.9685,81.05,53,20,1.36,TH,2022-04-26 16:37:18
9,Port Alfred,-33.5906,26.891,61.18,85,11,4.0,ZA,2022-04-26 16:37:18
10,Kapaa,22.0752,-159.319,71.92,96,100,18.41,US,2022-04-26 16:37:18
11,Northam,51.0333,-4.2167,53.37,73,35,10.2,GB,2022-04-26 16:37:19
12,Poole,50.7167,-2.0,60.28,64,0,10.36,GB,2022-04-26 16:35:07
13,Rikitea,-23.1203,-134.9692,78.31,73,98,20.24,PF,2022-04-26 16:37:19
14,Mogadishu,2.0371,45.3438,82.58,71,62,1.54,SO,2022-04-26 16:33:30
15,Busselton,-33.65,115.3333,56.5,90,100,3.29,AU,2022-04-26 16:37:19
16,Hobart,-42.8794,147.3294,51.26,93,98,9.22,AU,2022-04-26 16:37:20
17,Jamestown,42.097,-79.2353,48.02,58,100,9.22,US,2022-04-26 16:33:59
18,Kavaratti,10.5669,72.642,85.78,68,44,6.49,IN,2022-04-26 16:37:20
19,New Norfolk,-42.7826,147.0587,50.9,87,100,1.95,AU,2022-04-26 16:37:20
20,Ahipara,-35.1667,173.1667,60.89,75,83,6.91,NZ,2022-04-26 16:37:21
21,Mount Isa,-20.7333,139.5,69.57,100,100,4.61,AU,2022-04-26 16:37:21
22,Byron Bay,-28.65,153.6167,62.49,81,100,3.98,AU,2022-04-26 16:37:21
23,Conde,-7.2597,-34.9075,85.46,62,40,17.27,BR,2022-04-26 16:34:38
24,Kollam,8.8833,76.6,83.12,79,95,0.11,IN,2022-04-26 16:37:22
25,Hasaki,35.7333,140.8333,75.6,86,100,36.15,JP,2022-04-26 16:37:22
26,Santarem,-2.4431,-54.7083,84.33,84,40,13.8,BR,2022-04-26 16:36:24
27,Severomuysk,56.1481,113.4267,6.64,94,100,2.82,RU,2022-04-26 16:37:22
28,Sao Jose Da Coroa Grande,-8.8978,-35.1478,83.05,63,39,12.12,BR,2022-04-26 16:37:22
29,Cascais,38.6979,-9.4215,67.82,68,40,14.0,PT,2022-04-26 16:35:11
30,Thompson,55.7435,-97.8558,28.56,31,20,8.05,CA,2022-04-26 16:37:23
31,Yarada,17.65,83.2667,86.32,79,40,6.91,IN,2022-04-26 16:37:23
32,Mataura,-46.1927,168.8643,52.48,98,94,3.29,NZ,2022-04-26 16:37:24
33,Tromso,69.6496,18.957,28.38,68,40,3.44,NO,2022-04-26 16:37:24
34,Hithadhoo,-0.6,73.0833,85.39,70,96,6.22,MV,2022-04-26 16:37:24
35,Teguise,29.0605,-13.564,70.02,56,75,17.27,ES,2022-04-26 16:37:24
36,Korla,41.7597,86.1469,61.21,41,19,6.73,CN,2022-04-26 16:37:25
37,Geraldton,-28.7667,114.6,63.01,77,75,23.02,AU,2022-04-26 16:37:25
38,Albany,42.6001,-73.9662,53.37,81,100,1.3,US,2022-04-26 16:34:16
39,Barrow,71.2906,-156.7887,6.82,85,100,11.5,US,2022-04-26 16:37:25
40,Petropavlovsk-Kamchatskiy,53.0452,158.6483,32.59,64,0,8.95,RU,2022-04-26 16:37:26
41,Vardo,70.3705,31.1107,19.38,79,40,27.63,NO,2022-04-26 16:37:26
42,Kaitangata,-46.2817,169.8464,51.48,88,100,10.65,NZ,2022-04-26 16:37:26
43,Saint-Philippe,-21.3585,55.7679,74.21,81,29,10.74,RE,2022-04-26 16:37:27
44,Lompoc,34.6391,-120.4579,65.84,81,20,11.99,US,2022-04-26 16:37:27
45,Kodiak,57.79,-152.4072,38.71,65,100,10.36,US,2022-04-26 16:37:27
46,Myitkyina,25.3833,97.4,76.23,44,0,2.82,MM,2022-04-26 16:37:28
47,Banda Aceh,5.5577,95.3222,80.02,72,98,5.79,ID,2022-04-26 16:37:28
48,Goderich,43.7501,-81.7165,40.91,87,100,6.91,CA,2022-04-26 16:38:28
49,Tasiilaq,65.6145,-37.6368,41.16,88,80,3.36,GL,2022-04-26 16:38:16
50,Hirara,24.8,125.2833,78.58,90,52,17.56,JP,2022-04-26 16:38:29
51,Lebu,-37.6167,-73.65,52.72,78,85,11.54,CL,2022-04-26 16:38:29
52,Koundara,12.4833,-13.3,106.41,11,4,7.25,GN,2022-04-26 16:38:29
53,Avarua,-21.2078,-159.775,77.05,94,75,6.91,CK,2022-04-26 16:38:29
54,Pangody,65.85,74.4859,29.57,91,99,12.19,RU,2022-04-26 16:38:30
55,Georgetown,5.4112,100.3354,84.13,93,40,5.75,MY,2022-04-26 16:38:30
56,Ribeira Grande,38.5167,-28.7,64.8,77,20,14.97,PT,2022-04-26 16:38:30
57,Ilulissat,69.2167,-51.1,35.62,80,100,6.91,GL,2022-04-26 16:38:31
58,Chokurdakh,70.6333,147.9167,-1.64,100,100,5.39,RU,2022-04-26 16:38:31
59,Fortuna,40.5982,-124.1573,53.92,77,20,11.5,US,2022-04-26 16:38:31
60,Tilichiki,60.4667,166.1,27.68,98,100,5.39,RU,2022-04-26 16:38:32
61,Nikolskoye,59.7035,30.7861,43.72,74,72,9.17,RU,2022-04-26 16:38:05
62,Krasnyy Yar,46.5331,48.3456,66.13,44,26,8.72,RU,2022-04-26 16:38:32
63,Victoria,22.2855,114.1577,82.45,83,48,5.99,HK,2022-04-26 16:37:15
64,Hermanus,-34.4187,19.2345,59.81,73,0,9.44,ZA,2022-04-26 16:38:32
65,Ahuimanu,21.4447,-157.8378,71.85,90,100,4.61,US,2022-04-26 16:38:33
66,Porbandar,21.6422,69.6093,82.81,72,3,11.61,IN,2022-04-26 16:38:33
67,Pevek,69.7008,170.3133,19.71,75,100,6.13,RU,2022-04-26 16:38:33
68,Atuona,-9.8,-139.0333,79.25,74,30,23.04,PF,2022-04-26 16:38:04
69,Nhulunbuy,-12.2333,136.7667,75.81,94,49,0.0,AU,2022-04-26 16:38:34
70,Punta Arenas,-53.15,-70.9167,41.11,65,75,5.75,CL,2022-04-26 16:33:34
71,Upernavik,72.7868,-56.1549,28.54,68,74,5.86,GL,2022-04-26 16:38:34
72,Dikson,73.5069,80.5464,-1.53,98,92,9.06,RU,2022-04-26 16:38:34
73,Codrington,-38.2667,141.9667,60.51,72,100,6.11,AU,2022-04-26 16:38:35
74,East London,-33.0153,27.9116,65.41,70,21,18.12,ZA,2022-04-26 16:38:35
75,Longyearbyen,78.2186,15.6401,3.04,60,40,10.36,SJ,2022-04-26 16:38:35
76,Jaguey Grande,22.5269,-81.1286,91.18,33,1,9.82,CU,2022-04-26 16:38:35
77,Maumere,-8.6199,122.2111,77.88,66,98,3.18,ID,2022-04-26 16:38:36
78,Scarborough,54.2797,-0.4044,47.79,78,70,4.0,GB,2022-04-26 16:34:41
79,Port-Gentil,-0.7193,8.7815,85.96,74,40,8.05,GA,2022-04-26 16:38:36
80,Stanislav,46.5691,32.1478,55.63,73,4,10.02,UA,2022-04-26 16:38:36
81,Raga,8.4596,25.678,91.9,22,78,4.41,SS,2022-04-26 16:38:37
82,Springbok,-29.6643,17.8865,63.12,17,0,9.35,ZA,2022-04-26 16:38:37
83,Petropavlovka,50.6114,105.3196,33.26,45,98,4.45,RU,2022-04-26 16:38:37
84,Berlevag,70.8578,29.0864,19.4,81,100,35.93,NO,2022-04-26 16:38:38
85,Saurimo,-9.6608,20.3916,70.83,79,92,2.33,AO,2022-04-26 16:38:38
86,Puerto Ayora,-0.7393,-90.3518,78.76,75,7,8.59,EC,2022-04-26 16:38:38
87,Atar,20.5169,-13.0499,88.09,18,0,14.79,MR,2022-04-26 16:38:39
88,Coquimbo,-29.9533,-71.3436,60.53,82,40,6.91,CL,2022-04-26 16:38:39
89,Barra Patuca,15.8,-84.2833,82.15,73,56,7.05,HN,2022-04-26 16:38:39
90,Rancho Palos Verdes,33.7445,-118.387,72.61,72,75,4.0,US,2022-04-26 16:33:49
91,Port Elizabeth,-33.918,25.5701,62.1,88,20,17.27,ZA,2022-04-26 16:38:40
92,Port Blair,11.6667,92.75,82.44,89,40,2.3,IN,2022-04-26 16:38:13
93,Bambous Virieux,-20.3428,57.7575,77.25,78,40,11.5,MU,2022-04-26 16:38:40
94,Ponta Do Sol,32.6667,-17.1,68.72,64,48,7.65,PT,2022-04-26 16:39:25
95,Abonnema,4.7084,6.7931,84.9,65,94,11.1,NG,2022-04-26 16:39:40
96,Cape Town,-33.9258,18.4232,64.11,67,0,19.57,ZA,2022-04-26 16:39:41
97,Castro,-24.7911,-50.0119,79.32,52,88,5.91,BR,2022-04-26 16:39:41
98,Saquarema,-22.92,-42.5103,84.34,72,1,13.2,BR,2022-04-26 16:39:41
99,Paita,-5.0892,-81.1144,74.23,70,21,12.33,PE,2022-04-26 16:39:42
100,Santa Rosa,14.3122,121.1114,84.18,77,18,10.07,PH,2022-04-26 16:35:37
101,Kishi,9.0833,3.85,95.49,27,95,2.39,NG,2022-04-26 16:39:42
102,Bluff,-46.6,168.3333,52.81,77,44,10.8,NZ,2022-04-26 16:39:35
103,Egvekinot,66.3167,-179.1667,13.12,84,97,6.51,RU,2022-04-26 16:39:42
104,Mahebourg,-20.4081,57.7,77.29,78,40,11.5,MU,2022-04-26 16:39:43
105,Nanortalik,60.1432,-45.2371,35.33,90,100,1.45,GL,2022-04-26 16:39:43
106,Haines Junction,60.7522,-137.5108,44.55,53,100,2.3,CA,2022-04-26 16:39:43
107,Port Lincoln,-34.7333,135.8667,61.88,87,75,6.2,AU,2022-04-26 16:39:44
108,Deputatskiy,69.3,139.9,-2.72,100,97,2.42,RU,2022-04-26 16:39:44
109,Ormara,25.2088,64.6357,81.93,84,0,15.64,PK,2022-04-26 16:39:44
110,Skara,58.3866,13.4384,49.23,42,98,1.99,SE,2022-04-26 16:39:44
111,Saskylakh,71.9167,114.0833,-5.15,99,95,3.38,RU,2022-04-26 16:39:45
112,Saint-Pierre,-21.3393,55.4781,74.28,79,0,3.44,RE,2022-04-26 16:36:02
113,Lewiston,44.1003,-70.2148,60.73,56,40,6.91,US,2022-04-26 16:39:45
114,Shenjiamen,29.9576,122.298,57.67,94,100,11.81,CN,2022-04-26 16:39:45
115,Birao,10.2849,22.7882,94.86,19,52,3.78,CF,2022-04-26 16:39:46
116,Babushkin,51.7122,105.8647,25.38,81,19,5.55,RU,2022-04-26 16:39:46
117,Cabo San Lucas,22.8909,-109.9124,85.6,44,0,3.44,MX,2022-04-26 16:35:10
118,Half Moon Bay,37.4636,-122.4286,61.14,74,75,26.46,US,2022-04-26 16:39:01
119,Naze,28.3667,129.4833,72.52,89,98,15.21,JP,2022-04-26 16:39:46
120,Faanui,-16.4833,-151.75,81.82,75,14,21.03,PF,2022-04-26 16:39:47
121,Nome,64.5011,-165.4064,29.16,100,0,4.61,US,2022-04-26 16:39:47
122,Staryy Nadym,65.6118,72.6842,29.61,92,100,15.21,RU,2022-04-26 16:39:47
123,Benguela,-12.5763,13.4055,76.93,82,45,5.35,AO,2022-04-26 16:39:48
124,Altay,47.8667,88.1167,37.45,80,73,4.7,CN,2022-04-26 16:39:48
125,Bethel,41.3712,-73.414,54.9,90,100,4.61,US,2022-04-26 16:37:12
126,Same,-4.0667,37.7333,70.27,85,100,4.25,TZ,2022-04-26 16:39:48
127,Wexford,52.3342,-6.4575,56.21,71,49,7.58,IE,2022-04-26 16:39:49
128,Alofi,-19.0595,-169.9187,69.69,94,100,3.44,NU,2022-04-26 16:39:49
129,Port Hardy,50.6996,-127.4199,42.8,93,75,5.75,CA,2022-04-26 16:38:59
130,Yellowknife,62.456,-114.3525,37.92,65,75,12.66,CA,2022-04-26 16:35:01
131,Hirosaki,40.5931,140.4725,58.68,95,100,7.87,JP,2022-04-26 16:39:49
132,Ishigaki,24.3448,124.1572,78.93,100,20,8.05,JP,2022-04-26 16:39:50
133,Makakilo City,21.3469,-158.0858,70.68,86,100,4.61,US,2022-04-26 16:39:50
134,Saint George,37.1041,-113.5841,70.43,20,0,3.44,US,2022-04-26 16:38:46
135,Ancud,-41.8697,-73.8203,46.22,64,73,14.34,CL,2022-04-26 16:39:50
136,Sainte-Anne-Des-Monts,49.124,-66.4924,39.07,93,100,0.0,CA,2022-04-26 16:39:51
137,Manturovo,58.3353,44.7619,48.79,80,100,4.14,RU,2022-04-26 16:39:51
138,Losinyy,57.1386,61.0666,58.75,78,96,9.42,RU,2022-04-26 16:39:51
139,Barranca,-10.75,-77.7667,71.46,74,28,9.86,PE,2022-04-26 16:39:52
140,Olinda,-8.0089,-34.8553,85.73,62,40,14.97,BR,2022-04-26 16:40:52
141,Sortland,68.6949,15.4162,28.36,54,100,12.71,NO,2022-04-26 16:40:52
142,Carnarvon,-24.8667,113.6333,71.67,73,75,23.02,AU,2022-04-26 16:40:52
143,Nantucket,41.2835,-70.0995,51.94,84,100,14.16,US,2022-04-26 16:40:33
144,Qujing,25.4833,103.7833,61.09,47,0,4.29,CN,2022-04-26 16:39:10
145,Hilo,19.7297,-155.09,73.27,93,100,6.91,US,2022-04-26 16:35:56
146,Virginia Beach,36.8529,-75.978,86.05,53,0,6.13,US,2022-04-26 16:36:26
147,High Level,58.5169,-117.136,42.91,56,75,10.36,CA,2022-04-26 16:40:53
148,Souillac,-20.5167,57.5167,77.38,78,40,11.5,MU,2022-04-26 16:40:53
149,Beringovskiy,63.05,179.3167,31.95,98,100,9.55,RU,2022-04-26 16:40:54
150,Shingu,33.7333,135.9833,72.0,93,100,11.9,JP,2022-04-26 16:39:18
151,Severo-Kurilsk,50.6789,156.125,30.63,84,66,11.48,RU,2022-04-26 16:40:54
152,Saint Anthony,45.0205,-93.218,37.24,55,100,16.11,US,2022-04-26 16:40:54
153,Tonota,-21.4833,27.4833,70.32,67,88,14.03,BW,2022-04-26 16:36:01
154,Baykit,61.67,96.37,21.47,93,39,4.43,RU,2022-04-26 16:40:54
155,Ostrovnoy,68.0531,39.5131,25.11,60,100,17.16,RU,2022-04-26 16:40:55
156,Bengkulu,-3.8004,102.2655,78.08,88,94,4.79,ID,2022-04-26 16:40:55
157,Vestmannaeyjar,63.4427,-20.2734,45.59,87,40,9.22,IS,2022-04-26 16:40:55
158,Panguna,-6.3164,155.4848,67.66,96,63,1.88,PG,2022-04-26 16:40:56
159,Bredasdorp,-34.5322,20.0403,58.26,67,5,4.07,ZA,2022-04-26 16:40:29
160,Shache,38.4167,77.2406,68.72,11,99,5.99,CN,2022-04-26 16:40:56
161,Sao Felix Do Xingu,-6.6447,-51.995,88.63,49,86,6.8,BR,2022-04-26 16:40:56
162,Dudinka,69.4058,86.1778,4.28,97,56,7.29,RU,2022-04-26 16:40:56
163,Changli,39.7042,119.1506,52.66,25,13,10.11,CN,2022-04-26 16:40:57
164,Dano,11.15,-3.0667,102.67,9,95,5.61,BF,2022-04-26 16:40:57
165,Tiksi,71.6872,128.8694,-6.11,100,52,3.78,RU,2022-04-26 16:40:57
166,Clyde River,70.4692,-68.5914,8.83,85,100,33.58,CA,2022-04-26 16:40:58
167,Tuktoyaktuk,69.4541,-133.0374,14.0,92,100,5.75,CA,2022-04-26 16:40:58
168,Corinto,37.9407,22.9573,71.42,52,100,0.85,GR,2022-04-26 16:40:58
169,San Carlos,9.6612,-68.5827,92.93,44,68,2.21,VE,2022-04-26 16:40:58
170,San Vicente,-26.6167,-54.1333,86.54,43,1,8.25,AR,2022-04-26 16:40:59
171,Torbay,47.6666,-52.7314,43.88,89,100,14.97,CA,2022-04-26 16:40:59
172,Point Fortin,10.1833,-61.6833,86.86,69,96,5.48,TT,2022-04-26 16:40:59
173,Norman Wells,65.282,-126.8329,35.49,92,100,5.14,CA,2022-04-26 16:41:00
174,Oriximina,-1.7656,-55.8661,84.52,73,65,4.94,BR,2022-04-26 16:39:12
175,Zhigansk,66.7697,123.3711,4.14,95,22,7.76,RU,2022-04-26 16:41:00
176,Igurubi,-4.0,33.7,72.05,76,99,5.37,TZ,2022-04-26 16:41:00
177,Lavrentiya,65.5833,-171.0,20.84,89,99,4.38,RU,2022-04-26 16:41:01
178,Sao Jose Do Egito,-7.4789,-37.2744,81.9,52,61,4.07,BR,2022-04-26 16:41:01
179,Benjamin Hill,30.1667,-111.1,83.57,9,7,7.85,MX,2022-04-26 16:41:01
180,Havre-Saint-Pierre,50.2334,-63.5986,39.56,93,100,8.05,CA,2022-04-26 16:41:01
181,Ulaangom,49.9811,92.0667,37.69,33,89,1.39,MN,2022-04-26 16:36:50
182,Anshun,26.25,105.9333,62.78,81,35,3.24,CN,2022-04-26 16:39:14
183,Komsomolskiy,40.4272,71.7189,68.72,52,100,11.5,UZ,2022-04-26 16:41:02
184,Ugoofaaru,5.6667,73.0,85.28,68,93,2.42,MV,2022-04-26 16:41:02
185,Bijela,43.6086,17.9519,70.45,81,26,4.21,BA,2022-04-26 16:42:03
186,San Patricio,28.017,-97.5169,73.26,62,100,14.74,US,2022-04-26 16:42:03
187,Kaka,37.3482,59.6143,75.72,34,98,2.77,TM,2022-04-26 16:42:03
188,Lazaro Cardenas,17.9583,-102.2,84.02,44,5,7.25,MX,2022-04-26 16:42:03
189,Raton,36.9034,-104.4391,53.94,46,0,16.11,US,2022-04-26 16:42:04
190,Vila Franca Do Campo,37.7167,-25.4333,64.81,68,19,10.36,PT,2022-04-26 16:42:04
191,Boddam,57.4667,-1.7833,48.58,70,95,12.59,GB,2022-04-26 16:42:04
192,Dorogino,54.3598,83.3198,41.61,63,99,4.88,RU,2022-04-26 16:42:05
193,Hovd,48.0056,91.6419,40.62,32,99,0.31,MN,2022-04-26 16:42:05
194,Ilhabela,-23.7781,-45.3581,80.01,74,26,5.14,BR,2022-04-26 16:41:43
195,Osypenko,46.9136,36.8253,61.88,65,93,8.1,UA,2022-04-26 16:42:05
196,Wajima,37.4,136.9,59.02,98,100,19.28,JP,2022-04-26 16:42:06
197,Artigas,-30.4,-56.4667,79.77,79,66,16.26,UY,2022-04-26 16:42:06
198,Srednekolymsk,67.45,153.6833,15.35,95,100,11.88,RU,2022-04-26 16:42:06
199,Carbondale,37.7273,-89.2168,54.05,55,0,11.5,US,2022-04-26 16:42:06
200,Panama City,8.9936,-79.5197,92.28,68,40,5.75,PA,2022-04-26 16:42:07
201,Torit,4.4133,32.5678,80.69,56,80,2.44,SS,2022-04-26 16:42:07
202,Vanimo,-2.6741,141.3028,78.85,86,98,5.95,PG,2022-04-26 16:42:07
203,Okhotsk,59.3833,143.3,21.15,82,5,7.16,RU,2022-04-26 16:42:08
204,Taoudenni,22.6783,-3.9836,90.07,14,0,19.24,ML,2022-04-26 16:42:08
205,Bowen,-20.0167,148.2333,75.38,83,87,12.75,AU,2022-04-26 16:42:08
206,Opuwo,-18.0607,13.84,75.63,30,2,2.95,NA,2022-04-26 16:42:09
207,Norfolk,42.1668,-71.2495,57.72,82,100,5.75,US,2022-04-26 16:39:00
208,Liwale,-9.7667,37.9333,69.64,98,100,3.18,TZ,2022-04-26 16:42:09
209,Yulara,-25.2406,130.9889,58.84,47,57,3.44,AU,2022-04-26 16:42:09
210,Karratha,-20.7377,116.8463,80.65,54,100,8.59,AU,2022-04-26 16:42:10
211,Tuatapere,-46.1333,167.6833,51.73,89,100,6.42,NZ,2022-04-26 16:42:10
212,Griffith,41.5284,-87.4237,44.31,61,100,12.66,US,2022-04-26 16:42:10
213,Iqaluit,63.7506,-68.5145,1.13,64,20,10.36,CA,2022-04-26 16:42:10
214,Mitsamiouli,-11.3847,43.2844,81.12,79,52,6.04,KM,2022-04-26 16:42:11
215,Pundaguitan,6.3711,126.1689,81.86,79,100,9.73,PH,2022-04-26 16:42:11
216,Valparaiso,-33.0393,-71.6273,59.47,94,100,17.27,CL,2022-04-26 16:42:11
217,Rotherham,53.4301,-1.3568,56.05,61,97,8.52,GB,2022-04-26 16:42:05
218,Saint-Francois,46.4154,3.9054,64.67,36,0,5.75,FR,2022-04-26 16:42:12
219,Husavik,66.0449,-17.3389,41.22,85,100,3.06,IS,2022-04-26 16:42:12
220,Rudnogorsk,57.2639,103.7519,32.22,95,100,10.42,RU,2022-04-26 16:42:12
221,Wanaka,-44.7,169.15,40.1,87,0,1.99,NZ,2022-04-26 16:42:13
222,Milkovo,54.7167,158.6167,26.6,86,23,3.06,RU,2022-04-26 16:42:13
223,Ilam,26.9167,87.9167,68.29,61,3,7.54,NP,2022-04-26 16:42:13
224,Kawalu,-7.3817,108.2082,74.86,96,100,1.5,ID,2022-04-26 16:42:14
225,Ostuacan,17.4167,-93.3,84.24,58,21,5.21,MX,2022-04-26 16:42:14
226,Terra Santa,-2.1042,-56.4869,84.42,76,77,4.79,BR,2022-04-26 16:42:14
227,Dingle,10.9995,122.6711,78.4,86,100,6.38,PH,2022-04-26 16:43:14
228,Luderitz,-26.6481,15.1594,66.25,52,0,11.72,NA,2022-04-26 16:43:15
229,Lincoln,40.8,-96.667,64.13,27,0,10.0,US,2022-04-26 16:43:15
230,Khatanga,71.9667,102.5,10.99,94,100,6.29,RU,2022-04-26 16:43:15
231,Waingapu,-9.6567,120.2641,76.1,71,99,4.52,ID,2022-04-26 16:43:16
232,Samana,19.2056,-69.3369,84.42,74,40,9.22,DO,2022-04-26 16:43:16
233,Thunder Bay,48.4001,-89.3168,25.29,79,100,9.22,CA,2022-04-26 16:42:39
234,Sept-Iles,50.2001,-66.3821,37.06,96,100,11.5,CA,2022-04-26 16:43:02
235,North Platte,41.1239,-100.7654,64.11,26,0,18.99,US,2022-04-26 16:42:23
236,Hambantota,6.1241,81.1185,81.61,79,20,1.25,LK,2022-04-26 16:43:16
237,Ixtapa,20.7,-105.2,88.0,32,0,6.22,MX,2022-04-26 16:43:17
238,Ploemeur,47.7333,-3.4333,65.82,45,0,10.36,FR,2022-04-26 16:43:17
239,Sao Filipe,14.8961,-24.4956,76.17,68,45,12.06,CV,2022-04-26 16:43:17
240,La Palma,33.8464,-118.0467,78.49,60,75,5.75,US,2022-04-26 16:43:18
241,Houma,29.5958,-90.7195,75.99,73,100,12.66,US,2022-04-26 16:40:03
242,Galesong,-5.3166,119.3661,77.02,80,97,4.18,ID,2022-04-26 16:43:18
243,Kolyshley,52.7005,44.5367,62.94,66,18,8.01,RU,2022-04-26 16:43:18
244,Cherskiy,68.75,161.3,23.76,83,100,5.75,RU,2022-04-26 16:43:19
245,Sistranda,63.7256,8.834,39.16,54,90,13.78,NO,2022-04-26 16:43:19
246,Nileshwar,12.25,75.1,83.86,76,9,4.05,IN,2022-04-26 16:43:19
247,Hue,16.4667,107.6,82.51,74,20,2.3,VN,2022-04-26 16:43:19
248,Borovichi,58.3878,33.9155,42.04,91,66,4.74,RU,2022-04-26 16:43:20
249,Nouadhibou,20.931,-17.0347,71.58,64,0,21.85,MR,2022-04-26 16:43:20
250,El Tigre,8.8875,-64.2454,86.92,51,98,5.86,VE,2022-04-26 16:43:20
251,Vao,-22.6667,167.4833,73.71,65,100,19.13,NC,2022-04-26 16:43:21
252,Hamilton,39.1834,-84.5333,51.89,62,100,12.66,US,2022-04-26 16:38:59
253,Haverhill,42.7762,-71.0773,58.08,69,100,10.36,US,2022-04-26 16:42:31
254,Broome,42.2506,-75.833,57.42,83,100,4.61,US,2022-04-26 16:43:21
255,Do Gonbadan,30.3586,50.7981,77.09,31,40,2.3,IR,2022-04-26 16:43:21
256,Narsaq,60.9167,-46.05,39.42,83,100,2.19,GL,2022-04-26 16:43:22
257,Antalaha,-14.9003,50.2788,74.07,82,40,5.88,MG,2022-04-26 16:43:22
258,Ozark,37.0209,-93.206,58.57,38,0,3.0,US,2022-04-26 16:43:22
259,Tura,25.5198,90.2201,74.64,74,0,4.81,IN,2022-04-26 16:43:23
260,Ibra,22.6906,58.5334,85.96,28,56,10.29,OM,2022-04-26 16:43:23
261,Esperance,-33.8667,121.9,58.84,62,22,10.07,AU,2022-04-26 16:43:23
262,Khuzdar,27.7384,66.6434,83.91,11,29,4.79,PK,2022-04-26 16:43:23
263,Plettenberg Bay,-34.0527,23.3716,57.94,82,1,5.41,ZA,2022-04-26 16:43:24
264,Acajutla,13.5928,-89.8275,87.82,56,43,6.82,SV,2022-04-26 16:43:24
265,Chara,56.9064,118.2631,20.03,65,48,2.35,RU,2022-04-26 16:43:24
266,Chipata,-13.6333,32.65,66.69,78,75,6.87,ZM,2022-04-26 16:43:25
267,Taunusstein,50.15,8.15,49.82,89,75,4.61,DE,2022-04-26 16:43:25
268,Kangaatsiaq,68.3065,-53.4641,32.41,90,100,7.27,GL,2022-04-26 16:43:25
269,Coos Bay,43.3665,-124.2179,53.31,96,75,9.22,US,2022-04-26 16:43:25
270,Thaba-Tseka,-29.522,28.6084,43.2,39,0,5.44,LS,2022-04-26 16:43:26
271,Mehamn,71.0357,27.8492,19.35,68,75,25.32,NO,2022-04-26 16:43:26
272,Luena,-11.7833,19.9167,69.98,63,97,2.55,AO,2022-04-26 16:43:26
273,Bud,39.447,-86.1758,50.68,67,25,12.21,US,2022-04-26 16:43:27
274,Sorland,67.667,12.6934,31.86,54,100,20.58,NO,2022-04-26 16:44:27
275,Isangel,-19.55,169.2667,74.46,65,100,12.86,VU,2022-04-26 16:44:27
276,Awbari,26.5921,12.7805,93.76,5,100,7.67,LY,2022-04-26 16:44:28
277,Stolin,51.8912,26.846,49.51,77,98,4.72,BY,2022-04-26 16:44:28
278,Sola,-13.8833,167.55,81.18,74,97,18.48,VU,2022-04-26 16:44:28
279,Tiznit,29.5833,-9.5,62.71,44,0,13.02,MA,2022-04-26 16:44:29
280,Saldanha,-33.0117,17.9442,66.25,76,0,18.63,ZA,2022-04-26 16:44:29
281,Portland,45.5234,-122.6762,52.77,77,75,11.99,US,2022-04-26 16:41:10
282,Yatou,37.15,122.3833,53.8,36,22,13.73,CN,2022-04-26 16:44:29
283,Salyan,39.5936,48.9805,63.73,52,85,5.97,AZ,2022-04-26 16:44:30
284,Oum Hadjer,13.2954,19.6966,100.04,17,93,5.44,TD,2022-04-26 16:44:30
285,Hongjiang,27.11,109.9956,70.32,98,74,2.44,CN,2022-04-26 16:44:30
286,Ola,59.5833,151.2833,25.14,71,100,7.36,RU,2022-04-26 16:44:30
287,Avera,33.194,-82.5271,82.54,45,0,9.91,US,2022-04-26 16:44:31
288,San Policarpo,12.1791,125.5072,80.98,85,100,8.88,PH,2022-04-26 16:44:31
289,Maues,-3.3836,-57.7186,85.66,68,87,4.92,BR,2022-04-26 16:44:16
290,Dawson,31.7735,-84.4466,83.62,49,2,8.03,US,2022-04-26 16:44:31
291,Chuzhou,32.3219,118.2978,65.95,85,100,6.38,CN,2022-04-26 16:44:32
292,Mount Gambier,-37.8333,140.7667,60.71,77,100,9.22,AU,2022-04-26 16:44:32
293,Mayo,38.8876,-76.5119,71.26,85,100,5.75,US,2022-04-26 16:43:28
294,Lagoa,39.05,-27.9833,61.52,81,100,16.55,PT,2022-04-26 16:44:32
295,Pecos,31.4229,-103.4932,63.43,45,100,4.61,US,2022-04-26 16:42:42
296,Doha,25.2867,51.5333,82.71,59,0,10.36,QA,2022-04-26 16:44:33
297,Miri,4.4148,114.0089,80.74,89,40,4.61,MY,2022-04-26 16:44:33
298,Nelson,-41.2833,173.2833,50.29,90,56,1.99,NZ,2022-04-26 16:44:33
299,Xining,36.6167,101.7667,57.04,46,99,3.47,CN,2022-04-26 16:44:34
300,Grindavik,63.8424,-22.4338,45.07,76,75,3.44,IS,2022-04-26 16:44:34
301,Klaksvik,62.2266,-6.589,43.72,67,100,7.47,FO,2022-04-26 16:44:34
302,Zachary,30.6485,-91.1565,74.68,68,100,10.36,US,2022-04-26 16:44:34
303,Fort Nelson,58.8053,-122.7002,38.79,87,100,4.61,CA,2022-04-26 16:44:35
304,Cidreira,-30.1811,-50.2056,72.34,84,100,7.34,BR,2022-04-26 16:44:35
305,Cayenne,4.9333,-52.3333,87.84,1,75,13.8,GF,2022-04-26 16:44:35
306,Walvis Bay,-22.9575,14.5053,77.95,38,0,8.05,NA,2022-04-26 16:41:19
307,Coromandel,-18.4733,-47.2003,84.0,37,2,7.07,BR,2022-04-26 16:44:36
308,Moberly,39.4184,-92.4382,53.58,41,0,4.61,US,2022-04-26 16:44:36
309,Krasnyy Luch,48.1395,38.9371,63.63,62,77,4.14,UA,2022-04-26 16:44:36
310,Palmer,42.1584,-72.3287,56.62,87,100,9.22,US,2022-04-26 16:44:36
311,Bose,45.4612,8.0137,65.79,76,84,2.86,IT,2022-04-26 16:44:37
312,Kahului,20.8947,-156.47,71.62,89,75,8.05,US,2022-04-26 16:44:37
313,Bara,10.3744,10.7288,100.54,19,62,5.17,NG,2022-04-26 16:44:37
314,Mount Pleasant,32.7941,-79.8626,85.17,68,40,11.5,US,2022-04-26 16:44:38
315,Valle Del Guamuez,0.4525,-76.9192,83.62,49,65,2.95,CO,2022-04-26 16:44:38
316,Kruisfontein,-34.0033,24.7314,59.88,86,0,10.76,ZA,2022-04-26 16:44:38
317,Misratah,32.3754,15.0925,66.74,68,56,16.4,LY,2022-04-26 16:44:39
318,Tazovskiy,67.4667,78.7,21.18,96,99,9.6,RU,2022-04-26 16:44:39
319,Pareora,-44.4871,171.2132,50.18,97,2,6.78,NZ,2022-04-26 16:44:39
320,Sarangani,5.4033,125.4636,82.0,78,100,11.77,PH,2022-04-26 16:44:39
321,Kulob,37.9145,69.783,72.36,49,96,11.18,TJ,2022-04-26 16:43:56
322,Acarau,-2.8856,-40.12,82.17,80,70,13.15,BR,2022-04-26 16:45:40
323,Calvinia,-31.4707,19.776,61.36,25,0,4.21,ZA,2022-04-26 16:45:40
324,Dzhankoy,45.7167,34.4,58.64,69,96,7.78,UA,2022-04-26 16:43:28
325,Touros,-5.1989,-35.4608,84.69,67,29,15.93,BR,2022-04-26 16:45:40
326,Bogovarovo,58.9785,47.0246,48.13,87,100,4.12,RU,2022-04-26 16:45:41
327,Hami,42.8,93.45,57.31,47,97,13.13,CN,2022-04-26 16:45:41
328,Fairbanks,64.8378,-147.7164,40.24,71,75,0.0,US,2022-04-26 16:45:07
329,Piacabucu,-10.4056,-36.4344,83.95,56,19,9.91,BR,2022-04-26 16:45:41
330,Arlit,18.7369,7.3853,98.64,6,1,12.66,NE,2022-04-26 16:41:04
331,Oktyabrskoye,43.0645,44.7417,66.34,59,46,6.71,RU,2022-04-26 16:45:42
332,Ternate,0.8,127.4,80.94,80,100,2.24,ID,2022-04-26 16:45:42
333,Jardim,-21.4803,-56.1381,97.09,31,42,11.81,BR,2022-04-26 16:45:42
334,Sobolevo,54.4299,31.8996,46.85,80,89,6.76,RU,2022-04-26 16:45:42
335,Sibolga,1.7427,98.7792,77.38,84,100,3.31,ID,2022-04-26 16:45:43
336,Aurad,18.25,77.4333,94.05,18,56,0.94,IN,2022-04-26 16:45:43
337,Longkou,37.6508,120.3286,52.43,52,0,16.89,CN,2022-04-26 16:45:43
338,Zhangjiakou,40.81,114.8794,46.62,20,91,3.42,CN,2022-04-26 16:45:44
339,Khilok,51.3674,110.4676,24.01,41,66,2.62,RU,2022-04-26 16:45:44
340,Harstad,68.799,16.5293,27.79,98,100,23.0,NO,2022-04-26 16:45:44
341,Denpasar,-8.65,115.2167,80.26,88,20,5.75,ID,2022-04-26 16:45:00
342,Malumfashi,11.7853,7.6218,95.94,16,52,8.01,NG,2022-04-26 16:45:45
343,Meulaboh,4.1363,96.1285,76.51,80,99,8.48,ID,2022-04-26 16:45:45
344,Necochea,-38.5473,-58.7368,72.66,65,47,19.93,AR,2022-04-26 16:44:57
345,Prince Rupert,54.3161,-130.3201,46.09,81,0,4.61,CA,2022-04-26 16:45:45
346,Gornoye Loo,43.7129,39.6049,58.78,87,4,3.78,RU,2022-04-26 16:45:45
347,Catuday,16.2923,119.8062,82.31,76,39,7.74,PH,2022-04-26 16:45:46
348,Banting,2.8167,101.5,82.54,86,83,3.29,MY,2022-04-26 16:45:46
349,Kabanjahe,3.1001,98.4908,64.04,87,100,0.34,ID,2022-04-26 16:45:46
350,Kirovsk,48.6375,38.6428,63.39,58,73,6.44,UA,2022-04-26 16:45:46
351,Salima,-13.7804,34.4587,74.37,74,95,6.29,MW,2022-04-26 16:45:47
352,Puerto Colombia,10.9878,-74.9547,87.89,72,93,12.19,CO,2022-04-26 16:45:47
353,Ambon,-3.6954,128.1814,81.73,78,81,4.25,ID,2022-04-26 16:45:47
354,Beaverlodge,55.2166,-119.4361,40.35,59,100,1.79,CA,2022-04-26 16:45:48
355,Yuzhno-Kurilsk,44.0306,145.8556,41.09,100,100,6.58,RU,2022-04-26 16:45:48
356,Mlowo,-9.0,32.9833,60.24,96,94,4.5,TZ,2022-04-26 16:45:48
357,Salalah,17.0151,54.0924,84.29,70,20,6.91,OM,2022-04-26 16:45:48
358,Los Llanos De Aridane,28.6585,-17.9182,64.15,71,75,17.27,ES,2022-04-26 16:45:49
359,Dubbo,-32.25,148.6167,59.13,94,100,10.36,AU,2022-04-26 16:45:49
360,Salvador,13.8333,-88.9167,84.6,40,15,1.03,SV,2022-04-26 16:45:49
361,La Ronge,55.1001,-105.2842,34.02,43,0,13.8,CA,2022-04-26 16:45:25
362,Estevan,49.1334,-102.9842,30.22,85,47,17.05,CA,2022-04-26 16:45:13
363,Altamira,-3.2033,-52.2064,78.89,89,75,3.44,BR,2022-04-26 16:45:50
364,Constitucion,-35.3333,-72.4167,52.83,94,100,15.66,CL,2022-04-26 16:45:50
365,Selizharovo,56.8519,33.4487,40.96,85,94,1.97,RU,2022-04-26 16:45:50
366,San Quintin,30.4833,-115.95,69.39,52,58,7.99,MX,2022-04-26 16:45:51
367,Mukhen,48.1,136.1,36.52,99,100,3.18,RU,2022-04-26 16:45:51
368,Kallaste,58.655,27.1592,50.23,74,48,5.84,EE,2022-04-26 16:46:51
369,Erzin,36.9559,36.2,66.18,48,0,3.15,TR,2022-04-26 16:46:51
370,Kailua,21.4022,-157.7394,72.14,92,78,3.0,US,2022-04-26 16:46:52
371,Berlin,52.5244,13.4105,62.24,38,0,4.0,DE,2022-04-26 16:45:04
372,Waddan,29.1614,16.139,89.22,10,97,15.03,LY,2022-04-26 16:46:52
373,Rafaela,-31.2503,-61.4867,84.0,59,19,5.01,AR,2022-04-26 16:46:52
374,Blythe,33.6103,-114.5964,84.04,10,0,3.44,US,2022-04-26 16:46:53
375,Jequitinhonha,-16.4339,-41.0033,83.93,54,87,4.23,BR,2022-04-26 16:46:53
376,Salcia,44.1408,22.9278,65.23,51,95,2.66,RO,2022-04-26 16:46:53
377,Dawei,14.0833,98.2,80.06,82,60,0.74,MM,2022-04-26 16:46:53
378,Kontagora,10.3999,5.4695,98.71,20,19,4.94,NG,2022-04-26 16:46:54
379,Leh,34.1667,77.5833,43.95,40,18,5.23,IN,2022-04-26 16:46:54
380,Zlitan,32.4674,14.5687,66.33,67,71,14.99,LY,2022-04-26 16:46:54
381,Cooma,-36.2333,149.1333,46.17,93,100,0.0,AU,2022-04-26 16:46:55
382,Cassilandia,-19.1133,-51.7342,91.04,34,4,8.21,BR,2022-04-26 16:46:55
383,Provideniya,64.3833,-173.3,24.4,91,68,9.17,RU,2022-04-26 16:46:55
384,Sambava,-14.2667,50.1667,75.81,81,54,8.14,MG,2022-04-26 16:46:55
385,Gouloure,12.2306,-1.9289,103.73,8,81,6.2,BF,2022-04-26 16:46:56
386,Aktau,43.65,51.2,70.38,32,5,9.95,KZ,2022-04-26 16:46:56
387,Pacific Grove,36.6177,-121.9166,57.34,80,100,15.99,US,2022-04-26 16:46:56
388,Marfino,55.7028,37.3822,58.91,54,0,11.18,RU,2022-04-26 16:46:57
389,Leningradskiy,69.3833,178.4167,2.01,95,79,9.15,RU,2022-04-26 16:46:57
390,Brasileia,-11.0161,-68.7481,88.25,70,40,3.44,BR,2022-04-26 16:46:57
391,Kudahuvadhoo,2.6708,72.8944,84.79,71,6,4.99,MV,2022-04-26 16:42:28
392,Acapulco,16.8634,-99.8901,84.02,61,20,8.05,MX,2022-04-26 16:46:58
393,Rocha,-34.4833,-54.3333,75.87,74,94,12.03,UY,2022-04-26 16:46:58
394,Russell,32.3502,-85.1999,81.68,69,20,12.66,US,2022-04-26 16:46:58
395,Limoeiro Do Ajuru,-1.8953,-49.3806,81.59,81,90,4.03,BR,2022-04-26 16:46:59
396,Katsuura,35.1333,140.3,71.38,91,100,31.74,JP,2022-04-26 16:46:59
397,San Francisco,37.7749,-122.4194,61.66,73,75,26.46,US,2022-04-26 16:42:30
398,Oistins,13.0667,-59.5333,77.09,94,75,8.05,BB,2022-04-26 16:46:59
399,Kavieng,-2.5744,150.7967,82.63,75,7,13.2,PG,2022-04-26 16:46:59
400,Kosonsoy,41.2561,71.5508,63.16,43,100,4.59,UZ,2022-04-26 16:47:00
401,Marawi,7.9986,124.2928,69.78,93,100,1.03,PH,2022-04-26 16:47:00
402,Adelaide,-34.9333,138.6,63.91,80,100,1.01,AU,2022-04-26 16:45:24
403,Roald,62.5833,6.1333,44.91,56,20,16.11,NO,2022-04-26 16:47:00
404,Tokonou,9.65,-9.7833,100.13,15,65,6.58,GN,2022-04-26 16:47:01
405,Baghdad,33.3406,44.4009,84.11,32,0,9.22,IQ,2022-04-26 16:47:01
406,Mattru,7.6244,-11.8332,91.11,50,93,8.63,SL,2022-04-26 16:47:01
407,Santona,43.4439,-3.4576,68.31,71,74,1.74,ES,2022-04-26 16:47:02
408,Talnakh,69.4865,88.3972,4.96,96,88,6.35,RU,2022-04-26 16:47:02
409,Imbituba,-28.24,-48.6703,76.86,68,99,11.68,BR,2022-04-26 16:47:02
410,Viedma,-40.8135,-62.9967,65.73,37,100,18.75,AR,2022-04-26 16:47:02
411,The Valley,18.217,-63.0578,84.06,57,20,9.22,AI,2022-04-26 16:47:03
412,Pozo Colorado,-23.4923,-58.7972,99.52,30,5,17.81,PY,2022-04-26 16:47:03
413,North Bend,43.4065,-124.2243,53.24,96,75,9.22,US,2022-04-26 16:45:25
414,Tombouctou,20.0,-3.0,91.31,15,0,18.66,ML,2022-04-26 16:48:03
415,Portel,-1.9356,-50.8211,80.69,86,95,2.33,BR,2022-04-26 16:46:14
416,Sur,22.5667,59.5289,87.85,50,25,4.76,OM,2022-04-26 16:48:04
417,Mabaruma,8.2,-59.7833,81.84,87,99,4.92,GY,2022-04-26 16:48:04
418,Zhuhai,22.2769,113.5678,82.18,94,40,8.05,CN,2022-04-26 16:48:04
419,Arman,59.7,150.1667,25.02,77,99,6.24,RU,2022-04-26 16:48:05
420,Esna,25.2934,32.554,95.02,10,53,4.16,EG,2022-04-26 16:48:05
421,Nola,40.922,14.5329,70.16,60,0,1.99,IT,2022-04-26 16:48:05
422,Zabol,32.25,67.25,70.79,14,56,10.63,AF,2022-04-26 16:48:05
423,Progreso,21.2833,-89.6667,90.1,61,1,14.23,MX,2022-04-26 16:48:06
424,Guanare,9.0418,-69.7421,87.82,62,70,4.61,VE,2022-04-26 16:48:06
425,Catamarca,-28.4696,-65.7852,90.59,35,18,10.51,AR,2022-04-26 16:48:06
426,Baruun-Urt,46.6806,113.2792,34.39,16,99,5.95,MN,2022-04-26 16:48:07
427,Porto Torres,40.835,8.3972,69.98,61,1,5.68,IT,2022-04-26 16:48:07
428,Alagoinhas,-12.1356,-38.4192,86.54,46,44,10.74,BR,2022-04-26 16:48:07
429,Benin,9.5,2.25,101.21,17,63,6.35,BJ,2022-04-26 16:48:07
430,Westport,41.1415,-73.3579,59.2,94,100,4.16,US,2022-04-26 16:48:08
431,Wiesmoor,53.4167,7.7333,53.87,64,40,8.05,DE,2022-04-26 16:48:08
432,Kimbe,-5.5502,150.1429,76.21,92,72,3.38,PG,2022-04-26 16:48:08
433,Xucheng,20.35,110.1288,77.31,86,0,9.42,CN,2022-04-26 16:48:09
434,Lasa,46.6166,10.7002,52.68,91,91,3.71,IT,2022-04-26 16:48:09
435,Udachnyy,66.4167,112.4,5.72,96,70,3.4,RU,2022-04-26 16:48:09
436,Vryburg,-26.9566,24.7284,60.04,22,0,6.91,ZA,2022-04-26 16:48:09
437,Amahai,-3.3333,128.9167,78.73,86,79,2.64,ID,2022-04-26 16:48:10
438,Sao Gabriel Da Cachoeira,-0.1303,-67.0892,82.2,78,75,9.22,BR,2022-04-26 16:48:10
439,San Ramon,37.7799,-121.978,62.53,72,40,14.97,US,2022-04-26 16:46:08
440,Batsfjord,70.6345,29.7185,19.18,79,40,40.29,NO,2022-04-26 16:48:10
441,Logstor,56.9624,9.2583,53.38,66,50,6.44,DK,2022-04-26 16:44:48
442,Raahe,64.6833,24.4833,35.69,73,20,9.15,FI,2022-04-26 16:48:11
443,Kuusamo,65.9667,29.1833,28.44,43,0,10.36,FI,2022-04-26 16:48:11
444,Guerrero Negro,27.9769,-114.0611,72.75,42,1,6.76,MX,2022-04-26 16:46:19
445,Pendleton,45.6721,-118.7886,49.95,71,100,17.27,US,2022-04-26 16:43:33
446,Chabahar,25.2919,60.643,83.52,70,2,4.81,IR,2022-04-26 16:48:11
447,Hirado,33.3597,129.5531,69.39,97,100,9.51,JP,2022-04-26 16:48:12
448,Airai,-8.9266,125.4092,58.78,88,75,0.76,TL,2022-04-26 16:48:12
449,Hofn,64.2539,-15.2082,46.15,78,51,11.83,IS,2022-04-26 16:48:12
450,Krasnoselkup,65.7,82.4667,15.35,91,54,8.39,RU,2022-04-26 16:48:13
451,Mchinji,-13.7984,32.8802,64.6,85,61,5.23,MW,2022-04-26 16:48:13
452,Izberbash,42.5696,47.8645,57.25,64,73,12.1,RU,2022-04-26 16:48:13
453,San Luis,-33.295,-66.3356,80.58,40,0,21.9,AR,2022-04-26 16:43:59
454,Grand Gaube,-20.0064,57.6608,77.4,77,1,3.0,MU,2022-04-26 16:48:14
455,Novikovo,51.1537,37.8879,60.15,70,66,7.56,RU,2022-04-26 16:48:14
456,Batak,41.95,24.2167,49.98,92,53,2.19,BG,2022-04-26 16:48:14
457,Calais,50.9167,1.8333,55.42,67,2,13.62,FR,2022-04-26 16:48:15
458,Jurm,36.8648,70.8342,65.84,38,73,1.83,AF,2022-04-26 16:48:15
459,Rio Maior,39.3373,-8.9391,65.75,70,31,5.99,PT,2022-04-26 16:48:15
460,San Cristobal,7.7669,-72.225,77.18,45,81,2.39,VE,2022-04-26 16:48:15
461,Zakupne,49.1194,26.3376,49.26,75,74,3.67,UA,2022-04-26 16:48:16
462,Magalia,39.8121,-121.5783,62.11,62,53,1.01,US,2022-04-26 16:47:02
463,Manado,1.487,124.8455,77.77,94,40,1.14,ID,2022-04-26 16:49:16
464,Kieta,-6.2167,155.6333,78.64,82,73,0.58,PG,2022-04-26 16:49:16
465,Gigmoto,13.7796,124.39,80.2,89,46,7.67,PH,2022-04-26 16:49:17
466,Itarema,-2.9248,-39.9167,81.48,83,82,12.73,BR,2022-04-26 16:49:17
467,Toyooka,35.5333,134.8333,66.79,98,100,2.17,JP,2022-04-26 16:49:17
468,Bafq,31.6128,55.4107,78.06,30,100,19.42,IR,2022-04-26 16:49:18
469,Cap-Aux-Meules,47.3821,-61.8597,48.25,71,75,16.11,CA,2022-04-26 16:49:18
470,Luis Correia,-2.8792,-41.6669,87.8,74,75,12.66,BR,2022-04-26 16:49:18
471,Troitsko-Pechorsk,62.7084,56.1964,38.43,99,84,5.57,RU,2022-04-26 16:49:18
472,Sonoita,31.85,-112.8333,83.48,7,80,5.7,MX,2022-04-26 16:46:15
473,Muros,42.7762,-9.0603,63.68,87,12,9.44,ES,2022-04-26 16:49:19
474,Rio Gallegos,-51.6226,-69.2181,39.25,81,75,12.66,AR,2022-04-26 16:47:10
475,Vila Velha,-20.3297,-40.2925,85.95,78,20,5.75,BR,2022-04-26 16:49:04
476,Zalantun,48.0,122.7167,35.92,62,19,10.31,CN,2022-04-26 16:49:19
477,Port Shepstone,-30.7414,30.455,65.3,65,0,11.07,ZA,2022-04-26 16:45:20
478,Belle Fourche,44.6714,-103.8522,64.51,44,20,9.95,US,2022-04-26 16:49:20
479,Beloha,-25.1667,45.05,75.74,70,100,7.96,MG,2022-04-26 16:49:20
480,Ampanihy,-24.7,44.75,76.03,68,100,8.48,MG,2022-04-26 16:49:20
481,Kovdor,67.5662,30.4758,23.11,70,100,13.24,RU,2022-04-26 16:49:20
482,Seoul,37.5683,126.9778,65.59,32,0,12.66,KR,2022-04-26 16:45:46
483,Lixourion,38.2019,20.4314,69.8,64,0,9.22,GR,2022-04-26 16:49:21
484,Boone,39.0334,-92.3335,55.72,45,0,5.46,US,2022-04-26 16:49:21
485,Rosetta,31.4044,30.4164,65.5,71,99,10.47,EG,2022-04-26 16:49:21
486,Zaltan,32.947,11.8665,67.71,58,58,27.56,LY,2022-04-26 16:49:22
487,Sechura,-5.5569,-80.8222,78.85,58,11,9.42,PE,2022-04-26 16:49:22
488,Coronado,32.6859,-117.1831,82.0,53,75,4.61,US,2022-04-26 16:49:22
489,Camopi,3.1655,-52.3158,83.32,76,80,4.03,GF,2022-04-26 16:49:23
490,Wasilla,61.5814,-149.4394,42.89,78,0,3.44,US,2022-04-26 16:48:14
491,Tingo Maria,-9.2895,-76.0088,80.91,74,75,5.75,PE,2022-04-26 16:49:23
492,Faya,18.3851,42.4509,59.52,39,67,6.22,SA,2022-04-26 16:49:23
493,Panorama,40.5878,23.0315,69.33,51,20,9.22,GR,2022-04-26 16:49:24
494,Honningsvag,70.9821,25.9704,19.15,86,75,26.46,NO,2022-04-26 16:49:24
495,Belaya Gora,68.5333,146.4167,3.78,98,100,5.08,RU,2022-04-26 16:49:24
496,Sao Miguel Do Araguaia,-13.275,-50.1628,88.97,39,4,7.96,BR,2022-04-26 16:49:25
497,Kizema,61.113,44.8302,39.06,92,100,4.14,RU,2022-04-26 16:49:25
498,Buala,-8.145,159.5921,79.74,82,55,1.66,SB,2022-04-26 16:49:25
499,Yerbogachen,61.2767,108.0108,22.95,96,64,2.48,RU,2022-04-26 16:49:25
500,Skjervoy,70.0311,20.9714,26.6,60,100,22.26,NO,2022-04-26 16:49:26
501,Hope Mills,34.9704,-78.9453,84.49,51,75,16.11,US,2022-04-26 16:47:45
502,Marsh Harbour,26.5412,-77.0636,75.16,68,37,11.7,BS,2022-04-26 16:49:26
503,Forio,40.7342,13.8646,68.29,68,0,8.99,IT,2022-04-26 16:49:26
504,Puerto Narino,-3.7703,-70.3831,83.03,81,97,2.33,CO,2022-04-26 16:49:27
505,Lata,40.1629,-8.3327,62.82,75,77,5.88,PT,2022-04-26 16:49:27
506,Jarwal,27.1667,81.55,91.0,10,0,6.6,IN,2022-04-26 16:49:27
507,Omboue,-1.5746,9.2618,80.64,82,100,7.31,GA,2022-04-26 16:49:27
508,Chivay,-15.6383,-71.6011,61.39,25,81,2.66,PE,2022-04-26 16:49:28
509,Lorengau,-2.0226,147.2712,81.57,81,22,7.14,PG,2022-04-26 16:48:48
510,Tahta,26.7693,31.5021,92.16,11,4,9.01,EG,2022-04-26 16:49:28
511,Flinders,-34.5833,150.8552,61.18,93,98,5.01,AU,2022-04-26 16:50:28
512,Bilma,18.6853,12.9164,99.93,7,0,7.16,NE,2022-04-26 16:48:44
513,Christchurch,-43.5333,172.6333,46.94,91,10,2.3,NZ,2022-04-26 16:49:08
514,Gawler,-34.6,138.7333,63.97,90,100,8.66,AU,2022-04-26 16:50:29
515,Henties Bay,-22.116,14.2845,63.25,73,0,10.98,NA,2022-04-26 16:50:30
516,Poum,-20.2333,164.0167,75.24,64,100,14.05,NC,2022-04-26 16:50:30
517,Requena,39.4883,-1.1004,62.87,44,98,7.99,ES,2022-04-26 16:50:30
518,Tarime,-1.35,34.3667,63.54,94,75,0.31,TZ,2022-04-26 16:50:31
519,Watrous,51.6668,-105.4679,37.18,52,41,26.46,CA,2022-04-26 16:50:31
520,Abu Dhabi,24.4667,54.3667,87.91,66,100,11.5,AE,2022-04-26 16:46:37
521,Coffs Harbour,-30.3,153.1333,64.13,94,40,8.05,AU,2022-04-26 16:50:32
522,Abomey-Calavi,6.4485,2.3557,85.86,66,40,6.91,BJ,2022-04-26 16:50:32
523,Malko Tarnovo,41.9833,27.5333,54.55,78,11,2.55,BG,2022-04-26 16:50:33
524,Coihaique,-45.5752,-72.0662,41.61,81,75,6.91,CL,2022-04-26 16:48:02
525,Yaya,56.206,86.44,39.0,73,90,6.91,RU,2022-04-26 16:50:33
526,Marquette,46.5333,-87.6335,27.82,73,100,11.16,US,2022-04-26 16:50:34
527,Rondonopolis,-16.4708,-54.6356,94.35,36,19,6.89,BR,2022-04-26 16:47:36
528,Perove,44.9333,34.0667,55.78,66,81,2.71,UA,2022-04-26 16:50:34
529,Maniitsoq,65.4167,-52.9,31.78,98,100,34.0,GL,2022-04-26 16:50:35
530,Chokwe,-24.5333,32.9833,67.78,85,38,5.91,MZ,2022-04-26 16:50:35
531,Camacha,33.0833,-16.3333,63.82,63,20,12.66,PT,2022-04-26 16:50:36
532,Rawicz,51.6095,16.8585,56.05,61,68,2.15,PL,2022-04-26 16:50:36
533,Itoman,26.1247,127.6694,79.57,100,100,16.11,JP,2022-04-26 16:50:37
534,Bitung,1.4451,125.1824,77.85,82,92,3.91,ID,2022-04-26 16:50:37
535,Bathsheba,13.2167,-59.5167,77.61,94,75,8.05,BB,2022-04-26 16:48:50
536,Never,46.9896,3.159,62.65,49,0,9.22,FR,2022-04-26 16:50:37
537,Abong Mbang,3.9833,13.1833,74.89,78,71,3.76,CM,2022-04-26 16:50:38
538,Copiapo,-27.3667,-70.3333,56.89,45,1,8.39,CL,2022-04-26 16:46:46
539,Adrar,20.5022,-10.0711,86.38,19,0,13.69,MR,2022-04-26 16:50:38
540,Emerald,-23.5333,148.1667,69.94,88,100,9.22,AU,2022-04-26 16:50:38
541,Pahrump,36.2083,-115.9839,81.25,7,28,10.0,US,2022-04-26 16:50:39
542,Calabar,4.9517,8.322,82.4,73,92,6.96,NG,2022-04-26 16:50:39
543,Tarko-Sale,64.9225,77.785,18.43,93,61,8.19,RU,2022-04-26 16:50:39
544,Saint-Joseph,-21.3667,55.6167,72.21,80,22,10.33,RE,2022-04-26 16:50:39
545,San Antonio,29.4241,-98.4936,69.12,77,100,12.66,US,2022-04-26 16:50:40
546,Nizhniy Kuranakh,58.8353,125.4869,21.2,95,54,2.86,RU,2022-04-26 16:50:40
547,Maningrida,-12.0667,134.2667,78.19,83,79,2.71,AU,2022-04-26 16:50:40
548,Irtyshskiy,58.3333,68.1333,45.77,78,23,8.41,RU,2022-04-26 16:50:41
549,Mar Del Plata,-38.0023,-57.5575,68.02,91,100,21.85,AR,2022-04-26 16:46:18
550,Rio Grande,-32.035,-52.0986,82.51,81,92,12.82,BR,2022-04-26 16:50:41
551,Vadso,70.0744,29.7487,22.08,68,20,21.85,NO,2022-04-26 16:50:41
552,Wahiawa,21.5028,-158.0236,68.86,88,100,3.44,US,2022-04-26 16:50:41
553,Dunedin,-45.8742,170.5036,54.81,75,100,4.0,NZ,2022-04-26 16:48:55
554,Pemba,-12.974,40.5178,83.1,83,20,5.99,MZ,2022-04-26 16:50:42
555,Oxchuc,16.85,-92.4167,72.01,44,25,5.68,MX,2022-04-26 16:50:42
556,Manakara,-22.1333,48.0167,75.15,86,6,10.22,MG,2022-04-26 16:50:42
557,Mackay,-21.15,149.2,73.69,94,75,11.5,AU,2022-04-26 16:50:43
558,Sosnovo-Ozerskoye,52.5249,111.5418,23.45,54,88,5.59,RU,2022-04-26 16:51:43
559,Amuntai,-2.4177,115.2494,75.22,88,97,0.4,ID,2022-04-26 16:51:43
560,Diamantino,-14.4086,-56.4461,93.16,34,5,9.98,BR,2022-04-26 16:51:44
561,Jining,35.405,116.5814,63.82,20,89,7.99,CN,2022-04-26 16:51:44
562,Minsk,53.9,27.5667,53.35,62,99,6.4,BY,2022-04-26 16:51:44
563,Koungheul,13.9833,-14.8,103.82,12,32,11.48,SN,2022-04-26 16:51:45
564,Yar-Sale,66.8333,70.8333,30.9,91,85,17.16,RU,2022-04-26 16:51:45
565,Yangambi,0.8102,24.4336,72.07,90,95,2.51,CD,2022-04-26 16:51:45
566,Vicksburg,32.3526,-90.8779,69.48,60,0,14.97,US,2022-04-26 16:47:26
567,La Serena,-29.9078,-71.2542,60.31,82,40,6.91,CL,2022-04-26 16:51:45
568,Moron,-34.6534,-58.6198,73.02,83,99,9.82,AR,2022-04-26 16:51:46
569,Teknaf,20.8624,92.3058,78.78,90,3,2.24,BD,2022-04-26 16:51:46
570,Santo Domingo,18.5001,-69.9886,85.64,60,40,11.5,DO,2022-04-26 16:49:02
571,Cruzeiro Do Sul,-29.5128,-51.9853,77.07,95,99,2.89,BR,2022-04-26 16:51:46
572,Jalu,29.0331,21.5482,89.94,10,37,12.68,LY,2022-04-26 16:51:47
573,Lagos,6.5833,3.75,88.12,75,91,6.4,NG,2022-04-26 16:50:04
574,Namatanai,-3.6667,152.4333,80.35,80,20,7.99,PG,2022-04-26 16:51:47
575,Puerto Baquerizo Moreno,-0.9,-89.6,77.99,73,20,11.5,EC,2022-04-26 16:51:47
576,Ossora,59.2353,163.0719,21.76,87,91,5.95,RU,2022-04-26 16:51:48
